protein,subject_id,pident,evalue,bitscore,organism,subject_protein,query_seq,subject_seq,alignment
ALS3-Candida-albicans,EGV60765.1,41.463,7.9,28.1,Yamadazyma_tenuis,hypothetical protein CANTEDRAFT_100110 [Yamadazyma tenuis ATCC 10573],MLQQYTLLLIYLSVATAKTITGVFNSFNSLTWSNAATYNYKGPGTPTWNAVLGWSLDGTSASPGDTFTLNMPCVFKFTTSQTSVDLTAHGVKYATCQFQAGEEFMTFSTLTCTVSNTLTPSIKALGTVTLPLAFNVGGTGSSVDLEDSKCFTAGTNTVTFNDGGKKISINVDFERSNVDPKGYLTDSRVIPSLNKVSTLFVAPQCANGYTSGTMGFANTYGDVQIDCSNIHVGITKGLNDWNYPVSSESFSYTKTCSSNGIFITYKNVPAGYRPFVDAYISATDVNSYTLSYANEYTCAGGYWQRAPFTLRWTGYRNSDAGSNGIVIVATTRTVTDSTTAVTTLPFDPNRDKTKTIEILKPIPTTTITTSYVGVTTSYSTKTAPIGETATVIVDIPYHTTTTVTSKWTGTITSTTTHTNPTDSIDTVIVQVPSPNPTVTTTEYWSQSFATTTTITGPPGNTDTVLIREPPNHTVTTTEYWSESYTTTSTFTAPPGGTDSVIIKEPPNPTVTTTEYWSESYTTTTTVTAPPGGTDTVIIREPPNHTVTTTEYWSQSYTTTTTVIAPPGGTDSVIIREPPNPTVTTTEYWSQSYATTTTITAPPGETDTVLIREPPNHTVTTTEYWSQSYATTTTITAPPGETDTVLIREPPNHTVTTTEYWSQSYTTTTTVIAPPGGTDSVIIKEPPNPTVTTTEYWSQSYATTTTITAPPGETDTVLIREPPNHTVTTTEYWSQSYATTTTITAPPGETDTVLIREPPNHTVTTTEYWSQSFATTTTVTAPPGGTDTVIIREPPNHTVTTTEYWSQSFATTTTIIAPPGETDTVLIREPPNPTVTTTEYWSQSYTTATTVTAPPGGTDTVIIYDTMSSSEISSFSRPHYTNHTTLWSTTWVIETKTITETSCEGDKGCSWVSVSTRIVTIPNNIETPMVTNTVDTTTTESTLQSPSGIFSESGVSVETESSTFTTAQTNPSVPTTESEVVFTTKGNNGNGPYESPSTNVKSSMDENSEFTTSTAASTSTDIENETIATTGSVEASSPIISSSADETTTVTTTAESTSVIEQQTNNNGGGNAPSATSTSSPSTTTTANSDSVITSTTSTNQSQSQSNSDTQQTTLSQQMTSSLVSLHMLTTFDGSGSVIQHSTWLCGLITLLSLFI,MSVVYSNSINSSFISTVDHLPADVVRSLWLLQSINITIDKHKAAVHRIFLDHSEITPELRSQCFQLNQQINRLNLESVQESRALYNQLVAHKLSLWEEINHLTTMQHKLQNTHQNKMANKELREKLNEHYKNRPLISSSEALKEHKLLHQSVEKKPPSLKLFLKIPKGLSKASGQSTRPSRQRAIASTTPHHRPVPGPELVPPPSPSSTLTWSQQFEPTERYCFCKQGSFGDMIGCDNEDACPNGDWFHYKCVGLNNRVEALKYTVGKQKWFCSEFCRSAYNEKIQTKRKKKKRSKGW,"Query match: ITSTTTHTNPTDSIDTVIVQVPSPNPTVTTTEYWSQSFATT
Subject match: IASTTPHHRPVPGPELV----PPPSPSSTLT--WSQQFEPT"
TAC1-Candida-albicans,EGV64124.1,49.02,1.03e-07,53.5,Yamadazyma_tenuis,hypothetical protein CANTEDRAFT_134697 [Yamadazyma tenuis ATCC 10573],MDTSSSSGTHPSTFNNLTKQQELTGNDPNDTNRKRIRVACDSCRRKKIKCNGSYPCGNCIQAKNTSNCHFTERPVRKKLKPTKQDNKSTANSNGVSKRKYNDTFSGNSINIKTEKQENTTFGINDNKSSDLESRLSRIENSMSRMMHTLENFSQNFMTQAIRNNHSNSSMFNNNSLSPTPSEDFNKSAFDSEEQQTSHSYKNLKDRVKDANELLKLRNWDEFVGTHSITCIFSRESLDWMEKTLGSYGEEYLTPIRNLPLVFHSELKPYIMKWIDPPVVDKLQRKKLLESPFPTDSKLISKLIDLYYEETSMINILVDESRVRSLFAAYYNNFAEPIATKRRRFKLSELLLMTSILLISLSCLTEDDFSEERITTPASSTSSNYSAASANLLGDYNKNRLIALQNSLENSAIFYYHRISVISEGLETVEALLMFIIYVESNWLTSFFNYTIITVTIRFAQEIGLHRAETYNNLDLEEATKRRKIWWFCYFFDIEFSFKSGKPPVINTNDVTTNSDEDLLRVITQLKQYGPLSPKDRMYSPVCHTISTSLLDLSGSDSICLDILKIIQSGDILDDPFYFQFCALLQSRIRSNSYHDLFIASAEKRDFSSISNTLEKLNADMFELAMYLADEAKPRFYNDPKFTSVQASTGTSIRRDTILAMKLTFFSHLMIINRYPLMIATEDSKFDDRVIKFRNLSLDSARTILMLIKGWHRESASALFYNWAIYFPVAAYLVLVAAIINHPQLPESGTNLNLLIETSLSFFKSSKQWNSSNDSQDKQQNSTICVNKIVAIELIVRLMLRVVIKVYELHNNVEILANNPALQNHLQEAEEKFPDIFQNHAEFTSKMIALVGASPFGGCGSRNTSSCNLRDNSTNHGQNNMNPSPTITNNTYNSNINTGSNSTGEPQVCYAQSPSYNASLSNIINNESTGRSPATSTSINQSMMNENYDLFNDYLIDNSAVNLPFSQFNNLPNFFFDNNLGI,MYSNIPSSPDDQSHHSSSSSHHHLQKKKRVGKACDSCRIKKTKCDGKKPCNKCTQDNKICVFTEKKKVRDKSHPSGYVDLLETRLDLLTQAFDKVIRLAAPQVGFLNELVESAGADGDSVVPINKVIHYLITEQGLLKNLPLEWENGALIAANFNPNDIESASRKFANHKMNVHSEDTQRSPIKEELDDNFDGNLDVQVDVDVDVDNNLDDFKDEFDDLNHNNLKFDHLLKGYSGGGFVLANSATLNDGMSNDFSDFESDSNSVYSSAHPPESSSIGPSDTVSQPMSPSVKTPSLFGTNDSGLFHHPNGSSSSLTSNQLHTPANLSPSNTVDGLPTSRPEMVRRSSSIVTRSRSPSHQKLKSMGHVHKPIYSSTHHSSHNMASPGNASLTHSRTNSYTGDASAKSILLDNDFSLPSESIKMSELSYDDNMLGGL,"Query match: RKRIRVACDSCRRKKIKCNGSYPCGNCIQAKNTSNCHFTE-RPVRKKLKPT
Subject match: KKRVGKACDSCRIKKTKCDGKKPCNKCTQDNKI--CVFTEKKKVRDKSHPS"
RIM101-Candida-albicans,EGV62596.1,68.75,0.21,32.3,Yamadazyma_tenuis,hypothetical protein CANTEDRAFT_115107 [Yamadazyma tenuis ATCC 10573],MNYNIHPVTYLNADSNTGASESTASHHGSKKSPSSDIDVDNATSPSSFTSSQSPHINAMGNSPHSSFTSQSAANSPITDAKQHLVKPTTTKPAAFAPSANQSNTTASQSYTQPAQQLPTQLHPSLNQAYNNQPSYYLHQPTYGYQQQQQQQQQHQEFNQPSQQYHDHHGYYSNNNILNQNQPAPQQNPVKPFKKTYKKIRDEDLKGPFKCLWSNCNIIFETPEILYDHLCDDHVGRKSSNNLSLTCLWENCGTTTVKRDHITSHLRVHVPLKPFHCDLCPKSFKRPQDLKKHSKTHAEDHPKKLKKAQRELMKQQQKEAKQQQKLANKRANSMNATTASDLQLNYYSGNPADGLNYDDTSRKRRYENNSQHNMYVVNSILNDFNFQQMAQAPQQPGVVGTAGSAEFTTKRMKAGTEYNIDVFNKLNHLDDHLHHHHPQQQHPQQQYGGNIYEAEKFFNSLSNSIDMQYQNMSTQYQQQHAGSTFAQQKPTQQASGQLYPSLPTIGNGSYTTSGSSHKEGLVNNHNGYLPSYPQINRSLPYSSGVAQQPPSALEFGGVSTYQKSAQSYEEDSSDSSEEDDYSTSSEDELDTLFDKLNIDDNKVEEVTIDGFNLKDVAKHREMIHAVLGYLRNQIEQQEKEKSKEQKEVDVNETKLYPTITAF,MEDLDFNDTKMNYNLHPISYLNANANQYRNQENSLNSNNLNIHNSLPIPITLKQEPESASHSANSSRQDSLSVSTYDSLSLTPHSSVSVHDSPSQSFASTSISPPSGPDPGTAANPAKRKKTYKKIKAEDLKGPFRCLWNQCTNVYDTPEILYDHLCDDHVGRKSSNNLSLTCYWDNCLTKTIKRDHITSHLRVHVPLKPFHCELCPKSFKRPQDLKKHSKTHTQDHTQAKKLNKQLKQQSKSNNVSIINNILSEFNFDKASFFKKEPTYNSEMMHRLNNVEGQAFAAPQAPSVNSLYDAEKYFSTLNQSMDSFHQTFSYPQNTINNNHSSGHTQPQYQAQAQPQFHTPSVQSAQGAFGSYPSMANNYPRNNQFNYPVSSDFGGVSNFQKSSRVDADSQVDDVDALAIDLEKVSVSDLEKHKTMVKGVLSYLHEKMATSCNLYPQITAF,"Query match: MNYNIHPVTYLNADSN
Subject match: MNYNLHPISYLNANAN"
EFG1-Candida-albicans,EGV64640.1,51.724,1.42e-40,144.0,Yamadazyma_tenuis,"DNA-binding domain of Mlu1-box binding protein MBP1, partial [Yamadazyma tenuis ATCC 10573]",MSTYSIPYYNQMNGNYNNGMPQQTTAANQQAFPQQQQPTTTGNASQQQQQAAATAAAAAVQQPYNYMFYQQQGQPGQQTGQTAGQQQQQQQQQQQYDYNTYNRYQYPAATSQGNYYQQTIPNQLSQPQPQHYNGSNRNYTSAPSGAPIPSNSTSGPSQQPPLPGQQAVPIPPHVSTMQQPTPVQDTLNASSTSTVGQFQPPGIRPRVTTTMWEDEKTLCYQVDANNVSVVRRADNNMINGTKLLNVAQMTRGRRDGILKSEKVRHVVKIGSMHLKGVWIPFERALAMAQREQIVDMLYPLFVRDIKRVIQTGVTPNAAAATAAAAATATSASAPPPPPPPVAAATTTAATAISKSSSGNGNSISATSGGSNVSGASGAGSTTSPVNTKAATTAGTPQGNYYQTYNQQQYPQQYGQYNAPGKNQNTPASQPGSTTNDQYLQQQQQMYGYQSNYYQGGAANSSYYPNYYQQQQPNYASSYPYQQQQQKQQQQQPNQQQQSDQQQTSTPSGGAGTRSVHQSPQVQSLTQGSVHPSPQQHQANQSASTVAKEEK,MNTQEHLDGEVAADNTPNTPFSYQQHHPFDLVVASSSQFTKQESPAEPYSHKQQNSNTSTLSYCSRSSNFTRRSSNTTNASKQEDEHKPLISTVYWDDESTICYQVEVNGVLVSRRSDTNYVNGTKLLNAAGLSRGKRDGMLKSERQKTIVKVGSMNLKGVWLPYDRAYEIARNQGIIDLLYPLLRRDLVEFFNHEGAHLRRGDDFEVPISTYI,"Query match: SSTSTVGQFQPPGIRPRVTTTMWEDEKTLCYQVDANNVSVVRRADNNMINGTKLLNVAQMTRGRRDGILKSEKVRHVVKIGSMHLKGVWIPFERALAMAQREQIVDMLYPLFVRDI
Subject match: SSNTTNASKQEDEHKPLISTVYWDDESTICYQVEVNGVLVSRRSDTNYVNGTKLLNAAGLSRGKRDGMLKSERQKTIVKVGSMNLKGVWLPYDRAYEIARNQGIIDLLYPLLRRDL"
srr1-Coprinopsis-cinerea,EGV63265.1,44.444,1.8,26.6,Yamadazyma_tenuis,hypothetical protein CANTEDRAFT_94029 [Yamadazyma tenuis ATCC 10573],MELYNSIISTNWSETNLKNFILVGNRLAEYIDSNPSQKLKANVPYLFHIASKLECRPFSASKLWPTAFNNTCVQYLPPPMTGNDSKALEEILASIPQPPTESQSKKPTSRHKGAEPSLDMGAQSQLGGGRRVDNAATAGTG,MTNSAKTLYDKVFENHIVHKDESGSYLLYIDRHLVHEVTSPQAFEGLKNAGRSVRRVDCTLATVDHNIPTTPRTNFKDVETFIEQEDSKLQVQTLEQNVKDFGVTYFGMSDSRQGIVHIVGPEQGFTLPGTTVVCGDSHTSTHGAFGSLAFGIGTSEVEHVLATQTIIQAKSKNMRIFIDGDLSKGITSKDLILHVIGVIGTAGGTGSVIEFAGLAIENLSMEARMSICNMAIEAGARAGMIKPDETTFEYIKGRPLAPKGEQWDKAVKYWKTLHSDDGAHFDDDIHIKSTDIVPTITWGNSPQDALPITASVPDPTKVSDPIVKSGMERALKYQGLIPNTPLKDIPIDKAFIGSCTNSRIEDLRAAAKVAKGHKKADNVKEVLVVPGSGLIKAQAEREGLDKIFEKAGFKWREAGCSMCLGMNPDILDPEERCASTSNRNFEGRQGARSRTHLMSPAMAAAAAIKGHFTDIREFDYVDVDEPVMTIGENEDKELQAAVYEHEKEQLNNDSESVEEQLYDIPKEPEAKKHKPVAEENPDGANTSNVEAMSKFTTLTGITAPLDKANVDTDAIIPKQFLKTIKRTGLKNGLFYESRFVKDEHGKDVETDFVLNVDPYREADILLVTGDNFGCGSSREHAPWALKDFGIKCMIAPSFGDIFYNNSCKNGLLPIRIPQEDILSKLHPLAKAGKKLTVDLPKQQIRNGETDEVLIEHFEIEEFRKHCLVNGLDDIGLTMQKEEYIQKYEELRRDIYSFLEGGSKLIKPIKGTKKSKFGVKAQEW,"Query match: NDSKALEEILASIPQPPTESQSKKPTS
Subject match: NDSESVEEQLYDIPKEP-EAKKHKPVA"
SAP5-Candida-albicans,EGV65668.1,37.58,3.54e-48,171.0,Yamadazyma_tenuis,acid protease [Yamadazyma tenuis ATCC 10573],MFLKNILSVLAFALLIDAAPVKRSPGFVTLDFNVKRSLVDPDDPTVEAKRSPLFLEFTPSEFPVDETGRDGDVDKRGPVAVTLHNEAITYTADITVGSDNQKLNVIVDTGSSDLWIPDSNVICIPKWRGDKGDFCKSAGSYSPASSRTSQNLNTRFDIKYGDGSYAKGKLYKDTVGIGGVSVRDQLFANVWSTSARKGILGIGFQSGEATEFDYDNLPISLRNQGIIGKAAYSLYLNSAEASTGQIIFGGIDKAKYSGSLVDLPITSEKKLTVGLRSVNVRGRNVDANTNVLLDSGTTISYFTRSIVRNILYAIGAQMKFDSAGNKVYVADCKTSGTIDFQFGNNLKISVPVSEFLFQTYYTSGKPFPKCEVRIRESEDNILGDNFLRSAYVVYNLDDKKISMAPVKYTSESDIVAIN,MKLGPLTASILASWHVGMAAATQVETTVVPTEQPGFFALNFEIQRGNSKTDMGTERTPRLIRRMLSDEEQASSPLFERGRKVWRRDFFEMTLENADTFYLTELEIGSNGDKNQVLVDTGSSDLWVMAHDVDCHAESSSASTKKRDLGLHVGDIFVHPHEDSISPTKTEKLQGKANANSILSAFGITTDSPFGGSGGSGSGSGSAVAVAVATDSGSTTNTCTSYGSFNTANSESFTRNSSAPAFSIRYADGTSAEGIWGYDDVKISNATVNNLSFAVSNDTSSNIGVLGIGLAMLEVTYSSGTSNAYTYENLPARLASQNIIAKNAYSLYLGSSDSKTGTVLFGAVDHAKYSGTLQTVPIVNTLESYGYESPIRLEINVDEISLTNSDSVQVNSNGYTALLDSGSTLSYFPQSLLEKTASTLGLDYSNSVGAYLIDCDVSGDTSIDFTFSGINISCPISHFVVQVTSGTCAFGILAQSSSSDYLLLGDNFLRNAYVVYDLEDLTISLAQVNHSDEEDIEVISSNIPQASSVVSAATAANSGGSESTASGSVTLSNSDTDSSRDSGAIRMVPKLMTAAAFVGVILAL,"Query match: GDKGDFCKSAGSYSPASSR--TSQNLNTRFDIKYGDGSYAKGKLYKDTVGIGGVSVRDQLFANVWSTSARKGILGIG-------FQSGEATEFDYDNLPISLRNQGIIGKAAYSLYLNSAEASTGQIIFGGIDKAKYSGSLVDLPIT---------SEKKLTVGLRSVNVRGRN-VDANTN---VLLDSGTTISYFTRSIVRNILYAIGAQMKFDSAGNKVYVADCKTSG--TIDFQFGNNLKISVPVSEFLFQTYYTSGKPFPKCEVRIRESEDNILGDNFLRSAYVVYNLDDKKISMAPVKYTSESDIVAIN
Subject match: GSTTNTCTSYGSFNTANSESFTRNSSAPAFSIRYADGTSAEGIWGYDDVKISNATVNNLSFAVSNDTSSNIGVLGIGLAMLEVTYSSGTSNAYTYENLPARLASQNIIAKNAYSLYLGSSDSKTGTVLFGAVDHAKYSGTLQTVPIVNTLESYGYESPIRLEINVDEISLTNSDSVQVNSNGYTALLDSGSTLSYFPQSLLEKTASTLGLDYS-NSVG--AYLIDCDVSGDTSIDFTF-SGINISCPISHFVVQV--TSGTCAFGILAQSSSSDYLLLGDNFLRNAYVVYDLEDLTISLAQVNHSDEEDIEVIS"
brlA-Emericella-nidulans,EGV63793.1,60.0,7.88e-11,62.0,Yamadazyma_tenuis,hypothetical protein CANTEDRAFT_93309 [Yamadazyma tenuis ATCC 10573],MRNQSSLSDRLTVEVDCSSLGSNECPSMTSSFSPLESPTPTPTSIYSQGSLESPGWHGAGSLPNNTYERTPGSASMRSAFRLAGMASTESLGLPYGSMEGQERMPMPDFLSGYDENIEQLWMPSEAPKSYDHVAQGLAYHQGMHQYPTMARNTNNNYRHQAAAYLPESTTNPCLSRSIFHQPERVPSSMSSSMSMNNMLPWMNLGDSIAPQTIAPSQVGPVTPPPSYTDFPTSLSAFKQHSPTTPIRSCSLGTGSGADTPLSRLSGGPCEYMDDFQPSPVYRDGFQRPHRVASRKMLRRQTSKQNLMLENLPQVIKQVQFKCKEPGCNGRFKRQEHLKRHMKSHSKEKPHVCWVPGCHRAFSRSDNLNAHYTKTHSKRGGRNRYVATLDENSPDYDPEFRGQLTPDGRPIYGSKLDDPIPGAGDMSLDGWDE,MNIDETYEEDVYMSQDFDPESPIFVNDSLERDGGSNGFIMDNKTTEQYFMGDPDPSEPMSDNGFDNLHAESLIQAASESDHTNTHDKAGDLSQTSGDHSNISFSIPGAFKENNYMEIDNSPPFTIDSDLFFDSASNNNNNSNHNTTNNQSGGKEASTRETLFPHNQFFIRQYKNSLSSSNQGHSPNNNVSPNSNVVGSNVNTPVPTQNPHFDTPNSVINPNYLPSENQYYDDASVYSSIVNDNESVDNHSQFNRRSISMTQTNLSVGPYPPVNPYANDLSPLTTTTSLTHSVNSLHSTQPSFFSAHQYLPRHSLEVPLSHRNSVDYISKNRNSIEPSTSVQRQPRANNNRYLSFTNSISNYIPFMGDKNNSNNNNNNQRTSPISGPPSPISNGSGSTPFMNQPAAQRQQSKHLIRSIFKLNPQNAQESMENPEVNDNESPDIEGITEEITASEFDRDLNAEFLVLSPTGEESELYGLNPLPNNISSKKVKKPKRSIFTRFKGPVKQESTDELDFNNDDSSKHSGNNSSNQELDDPQSFDFHGNMSRTPSSANTVRTGNNLQPNLEITNSNGSSHFPDYAALFENVGKRKMIGKNSTFKNKTRVKTEKSGTDTFDEDNDTSFMNTKVKHEKQEFDTFDNDVDSFPNSKVSFEASSTVSSSTTAHSRHPSQYEDSMHDDDDYDRNENGGNSTNVLSNASKRILGSKLMKRKPSKKESELKNIKTKVMADGVEVEVDMKTLNLPQDAQAFPISVVNSKTRTRGRKENKEADLSDSTKIYLCTYCSRRFKRQEHLKRHFRSLHTFEKPYSCDICNKKFSRTDNLNQHLKTHKEEEAAAEAAAAAAAAAATLGEAT,"Query match: CNGRFKRQEHLKRHMKS-HSKEKPHVCWVPGCHRAFSRSDNLNAHYTKTH
Subject match: CSRRFKRQEHLKRHFRSLHTFEKPYSCDI--CNKKFSRTDNLNQHL-KTH"
BCR1-Candida-albicans,EGV62390.1,85.526,3.16e-40,153.0,Yamadazyma_tenuis,hypothetical protein CANTEDRAFT_95274 [Yamadazyma tenuis ATCC 10573],MSGTSQVLQNDSHQSQHASMAYNQRQPMMYPPPPQQQPLHSQNSLPPLPPIPAPSLPPISNNISNGNTNELNNNNQQQQQHGQPPLPPPPINANQQYYAVPPLRAPPPLNTLSSVVNSLPTLTPTLTNATHSTMSSNSSAESSASSSSNSITKPKSKRSSKGRVFQCTGYPGCNMSFTRSEHLARHKRKHTGERPFTCPYCSKNFSRLDNLRQHKQTVHAYETYLTKDNRDSKLLIERSKSKKKLKQQEKKAQQQAQLQAQAQAQAQAQVHMQQHQQNGYNFQPPYPQFHNQYYANNQYQGPQPPPPPAPQQQVPGQQQPQPQQGMPAGYLDPYRQYPPNTTFDPMALPPPPKINAHPQKPLPPLPHQMGGGQEQPSDNVSQQGLKIPDHAFTPKRRPEPLALQHSTHSNENISNEGNINANTNTNMNTVTSSITSDAVYPPPPRSATSAASLTPNLASPLSPLFHQSFSQTTLKSTPDPRGSTITNSSISIKSPMSQHFSILSGNSNYSNNTTNSLPSVSNLPHPNWGSTNGTTGSNGTSGGSYQQNSFHQRQSSVVSDFSIFSNSDNRKDIKSNWLKGVLNDDNNNNNNNNNEQQQQQLQDPKLASPAPTLPPVSSITGGGTSNGNDSMMVDNMENKNDVSQSNVIIDSNNNNGDKMVNKLNFQSIELHDNNNNNTPSIKSTHSTETIQTTMVVVNKSDPPPLSTPTTNTNTNTNSTATTNATGYVSKKPTINNLISQ,MSVKTQTKDKLEEPVQDSSGESSPSSATESPVPDSPDADAEADEADADDKKKKRTVKGRVFQCTGFPGCNMSFTRSEHLARHKRKHTGERPFTCPYCSKNFSRLDNLRQHKQTVHAYENYLATKKPEDKDEAAPPPGQQASQPPPHHVQHPQHHVQHHIQHHVQHHVQHHPSHHVQQHVQHHLPVQHPTSYPHHQPVHYYSPGTPNHPSLASPPNSNSPHHNYPHFQYQGAGAPPPFHAQSHSRPPASGPDVNTISSNEEEPPSNASGNSGGGLRLPSHQFKPKRRPRPLSLQHSFVLNSDKLSSMSSLSSSGSSTLNTPVYDRSYLGGGSMKSAPPVPMYSFSQHMNAPPSQQRSFPSKTMLQYSGPRSASLVSPLSPLYHHQPGHPSRSQPLQAHRPQTFSFPPGNPPTNGTGSLVLPPVQHIPHPSLHRSAHSMNSIPQDDVSTAGTTPTRGLDIAPIKDSTKSWLRGVLNDDDTSKKPTITSLLSPDNDKFQNGEVEKTKVTTQVKEEDN,"Query match: RSSKGRVFQCTGYPGCNMSFTRSEHLARHKRKHTGERPFTCPYCSKNFSRLDNLRQHKQTVHAYETYLTKDNRDSK
Subject match: RTVKGRVFQCTGFPGCNMSFTRSEHLARHKRKHTGERPFTCPYCSKNFSRLDNLRQHKQTVHAYENYLATKKPEDK"
CZF1-Candida-albicans,EGV61870.1,59.649,2.13e-44,152.0,Yamadazyma_tenuis,hypothetical protein CANTEDRAFT_94746 [Yamadazyma tenuis ATCC 10573],MSSIPNINWNDPNNGKSNTSRQSQPQPQLPSNVSPPNSRAVPTSGSIGGPQYGSSQFSNEYSRNPNTIGGPPFPLQSNQRGYMPNTGYPVQQTAQQRSGDKLQQVHSQQQQQQQQPLYQQYPPQSVGYLAGDVYNPQHQEYVQMNQLPNQHYNLQQRQQAQGQQLKSQLNEQNAMMSASTQQYPVQDFTNPYPNAQNPAEQQQQQQPLRTQSQQWDGYQSQPLYSAAGNTIPSSIQQQIPPQNLSPSEQQQVKQQQPSPPEQGTKKKPGRKPKLRKLSESSSETPQVPKTASSSSSSPTAVNSGKPITKRSRMGCLTCRQRKKRCCETRPRCTECTRLRLNCTWPKPGTEHKNKPKDQKDDENTIEHAEFGRIKVLRGIVEYRSK,MPTGQNNMKWQKPNSPSEGSHNIPSYYGETGPYERYPNSEPKNGDSGTHPSQTHPLPQPRPSTTAYQLPPYQLPQQHQLPGIAPLGIGQIYEYRLPVQGQEMMVPAAPPTMGPSYGYSHKYMGQPPRPESNRTSKPRDSPPDNLRPPTSSASSPGSAKAGRNPTKRSRMGCITCRQRKKRCCETRPKCTECSRLRLNCAWPTPGTEHKNKSKELKEEENVMHHEIYGKIKVLRGIVEYKSDEDPANMQ,"Query match: KPKLRKLSESSSETPQVPKTASSSSSSPTAVNSGKPITKRSRMGCLTCRQRKKRCCETRPRCTECTRLRLNCTWPKPGTEHKNKPKDQKDDENTIEHAEFGRIKVLRGIVEYRS
Subject match: RPESNRTSKPRDSPPDNLRPPTSSASSPGSAKAGRNPTKRSRMGCITCRQRKKRCCETRPKCTECSRLRLNCAWPTPGTEHKNKSKELKEEENVMHHEIYGKIKVLRGIVEYKS"
wetA-Emericella-nidulans,EGV65439.1,40.625,8.3,27.3,Yamadazyma_tenuis,hypothetical protein CANTEDRAFT_102569 [Yamadazyma tenuis ATCC 10573],MFAHPFDHSFNDLFNQYVNMDTSSTDANKDVSFPSEFDQLFPLDSFSTDCGDQSPVISTVQHNSQPAQDWGKDLWSLSQNTGCSTNQDSFSFQDSTQPSTALDLSIGLEADATGHSQASVPRSTPSTPPATPGPKVKGGLFTPKTIRHHRESNDRRGLLRKQSFSPGLMRSSQLQKGSCRMAYPEAWAQRLQNFTIRSSDECLPLSPPPSDILVQQENVKHTPVQMRNAAEGFQGSTELPQQIDSGYITQSPAIPMPSPSANALAGQQQRYLSQTGTSALTPSPPSARDVFSSPHSSDPQSMPSWHSESLNTPAFQYTPELSDHQTWWSPMPSEVAQRHASYQQMIASPAPQRPVQAAANHGDFLQGGLMIQLDPTQFDISSSFPSSTIPTTANNHDNLAYNVEAHAPQKYVDASSFNTQAVPHPSRSPSISPKADTSPRHGSANRDGMAMKNAPRRPHGRKLSGQSTSTPKPVKTPNSLSTSPRGGKSVTVSFVNFTANDRQKILTGVAPSGSSKTKARREQEARDRRRKLSEAALQAVRKAGGDVEALEAVLC,MSSPPYDVISVLQTEIEHTPVQNPSVNQLIQGFIKYLKEPRYSTPLTIQELSGLFHNFYNDLNSTVITVYTQSNSAKKQLIGSSEYFKENPKQYDYLLAIANYSSSSIKLVRRTDSAAVLQLRVFNMYKFLLVTHMIESSQELLLQSTSNKDDDISLYDKIFRFDEKDLVVQEFFDKKLKSLKRLNLPFQCFIEEDNQTYKSLIELINTCDTNENIMALIKEFTSIKDQVTASSKLRMIARFQKNLMRILSTASGLQSHNINNDVLLPVFIYLIIYKMDVSLDLFLTFNYVKNFTNFIDPYDVKILASTSFYFYNPTETSKNHLKNNSRKANLFECINLNENETDTDAPDADKSGLISFFDSDKELIHYLNINHLNNSELQYYLTNFEAVLFFIQNVTLDELTDRKTDEEILSKPLSVFVERAFAPAYEFPPRATETNEEDTKDEETDVNRSRSSSLFNTISNRISEAANRSRSNSALMRSTGESVASIEVSTDAVIPSPVSSPTITGEIAQDSTTFNMMRNIIGRFGSVSVSQFKGSEEEEGLVNNVKHLRSASIIEKLSPNHSRTRSSSLENGTSTMHNLSPSRKNTIASKLSSGVTDLMTKFNTPATASSSFNHQNTNTSQTSLRSLDESESVTVVPRRPDHFRNRTSSIQIMEKWFNNLSTGQQQQLTQTQTEVNASTSRSISQSEPSKPEVADIESHEGSVFSTPSKELAKYHNVDFDLLTVSDLRTLKLYYDQLCNELGMSKFESKSTSEELNDQFSSVNSI,"Query match: LSPPPSDIL-VQQENVKHTPVQMRNAAEGFQG
Subject match: MSSPPYDVISVLQTEIEHTPVQNPSVNQLIQG"
abaA-Emericella-nidulans,EGV64117.1,47.674,1.18e-14,75.5,Yamadazyma_tenuis,TEA-domain-containing protein [Yamadazyma tenuis ATCC 10573],MATDWQPECMVSQNQAALESIGAHSDRALQNTSGNVQAYSDSLAHHDTTGRDDPLQHYTLKYPHPPVPVPSHPLPTATANLYHPQLLSHRYQVKKLRRLQSNGSSYAGSRRGRSYLKSQKYLEYRARPRRDTGKDGEPVWSDELEDAFQQALEANPPMGRRKWSERGKSYGRNELIAEYIYKLTGKRRTRKQVSSHLQVLDSFLKGDPDWERLVREQSDRSTAQTQPVGPRWRTSMDHLPSSHYGTHATSSYPEPMRLMPPYSADLQLPQYSPTSTQQDTNNNTIQGLSFDMWVSAPNKPDRIDDAYHLYTRLQGDQRQPPMPLEDLKNWRVSFPHLSSSLSDVNDPLNCEIILLETNLELMDDFPPMGSRLGIHLELDIANPMSGTAPTVNQMENWTCSTYIYEDGRRTMEAYHNLTKPHTTKVKPPFESSWWAKTFTKLTQDKREAESTGHHHAADERTRRYFHSLTAVQEIRATVPPSLRRLQNHYPGSPAEESKRMAIILWKFRQTRPNEVGTTTWRKLITSPDRALTNSPRPSTAIDLPPLSLDSILLSKPTSNLYQAPPQHHDLLHQNAPSQQSWSLYQPSHDHVNSLYHSAGAFDFLNSITKPEEGLSDKTAPTSVLDPFPNLTQQTTSQTAGINVSSGTPVMLQIPDLSLSSNLGTYGLGHESHYVPSHHNAANLHDHSSTTGLGHYFAPSTQSLDEISHSHAPWSAPNTTISGDTSGGNYHHLPFTTSDHSVTVSRESHQNHSFEGLLPSDDLVGIVGGLSGDPNMNGAGPEHTSSAYAEHTAVEAV,MIVDIALDGNGKQIYQVHESSKFVRREMPRSTKFNSSTTDLLDELDEEKTPIRKILGTISPSTLNQKKVSDDDSGEDSSVTEPESATRHGSMGNMLFPDEGDEYSGDLLDKNKDIWSDDVELAFEEVLSIIPKNGLNKIKISGRSCGRNELISDYILTKTGKYRTRKQVSSHIQVIKNLGKRLDVIKLINEGPSFKDDKEQMENTKKFEEIFSQINLNKSLGFNKAPKRQYSNSEPAHGGKKLKSKPHPLQLSTMNLMIENFYMSIYDSMLNNPIILSLHDNQEITSLKLKPNANISNRFPELISMNNLNLPILHNLVRIQLPTNFPLNYSIGQGLKTNLFIRGPAGSEEKQYSMFTIIYNYGKDFFKINENHIKLNDNYDFLNKFWKFFLDNEMNSNINTINHLTIKQILYEDDPVTKDENMAGHNTILKIPKRKIKHIFLWEFVKVNDLKDAVTTTSRLLLPDTVDDQVFPQVVTFNSNYYDPAGPSTGTTADSNPFTNPSYVSSAQTDFGAMDYKLKRENPDEDLGLNTMSLNPSMPLAMVTSSPLPPAPVPVSGPMPVPHGAGSAAHSQGLGGPMYSQPMQMPMGANFQHLDYDYQFLYGEPPYPGHQ,"Query match: DTGKDGEPVWSDELEDAFQQALEANPPMGRRKWSERGKSYGRNELIAEYIYKLTGKRRTRKQVSSHLQVLDSFLKGDPDWERLVRE
Subject match: DKNKD---IWSDDVELAFEEVLSIIPKNGLNKIKISGRSCGRNELISDYILTKTGKYRTRKQVSSHIQVIKN-LGKRLDVIKLINE"
ERG251-Candida-albicans,EGV62905.1,66.774,7.7999999999999995e-149,419.0,Yamadazyma_tenuis,hypothetical protein CANTEDRAFT_109226 [Yamadazyma tenuis ATCC 10573],MEVLHQLTTNHTSSLSNLINNHPTSFSSILKEVDITNHSLTYIEKLWASYYIYMNNDILATGLLFFITHELMYFGRCLPWFIIDKTPWFNRYKIQPTKIPTNQEQWECFKTVLKQHFLVEALPIWLFHPVCAKLGITYDVPFPNWKIQAIQIAIFFICEDFWHFVFHSLFHQGWFYKNIHKVHHKYAAPFGLAAEYAHPVEVMALGVGTVGFPILYAYLATVYTNMPPLHLFTLTTWIVLRLFQAVDSHSGYDFPWSLNKFFPLWAGAAHHDEHHHYFIGNYASSFTLWDWLFQTECGTYARKRRERNSRASAESKHKKTL,MFNETSSLAYLSSAYTFPQILQDLKSTDLNYMESLWASWYIYFGNDIFATGLLFFLTHELMYFGRCIPWFIIDRIPYFNQWKIQPTKIPSNKEQWECCKLVFKQHLLVEALPIWLFHPLCSQLSISISVPFPSWKIMLAQISFFFFVEDIWHYTFHRIFHYGIFYKYVHKQHHRYAAPFGFAAEYAHPIEVMALGFGTVGFPIVYAYTALSHKQLPPLHLFTICIWITLRLFQAVDSHSGYDFPWSLNKFVPFWAGAEHHDEHHHFFIGNYASSFRWCDAIMKTECGMLAKQRREMMSQRKAESKYRKRD,"Query match: NHTSSLSNLINNHPTSFSSILKEVDITNHSLTYIEKLWASYYIYMNNDILATGLLFFITHELMYFGRCLPWFIIDKTPWFNRYKIQPTKIPTNQEQWECFKTVLKQHFLVEALPIWLFHPVCAKLGITYDVPFPNWKIQAIQIAIFFICEDFWHFVFHSLFHQGWFYKNIHKVHHKYAAPFGLAAEYAHPVEVMALGVGTVGFPILYAYLATVYTNMPPLHLFTLTTWIVLRLFQAVDSHSGYDFPWSLNKFFPLWAGAAHHDEHHHYFIGNYASSFTLWDWLFQTECGTYARKRRERNSRASAESKHKK
Subject match: NETSSLAYLSSAY--TFPQILQDLKSTD--LNYMESLWASWYIYFGNDIFATGLLFFLTHELMYFGRCIPWFIIDRIPYFNQWKIQPTKIPSNKEQWECCKLVFKQHLLVEALPIWLFHPLCSQLSISISVPFPSWKIMLAQISFFFFVEDIWHYTFHRIFHYGIFYKYVHKQHHRYAAPFGFAAEYAHPIEVMALGFGTVGFPIVYAYTALSHKQLPPLHLFTICIWITLRLFQAVDSHSGYDFPWSLNKFVPFWAGAEHHDEHHHFFIGNYASSFRWCDAIMKTECGMLAKQRREMMSQRKAESKYRK"
HWP1-Candida-albicans,EGV61489.1,52.727,7.16e-09,53.5,Yamadazyma_tenuis,hypothetical protein CANTEDRAFT_131052 [Yamadazyma tenuis ATCC 10573],MRLSTAQLIAIAYYMLSIGATVPQVDGQGETEEALIQKRSYDYYQEPCDDYPQQQQQQEPCDYPQQQQQEEPCDYPQQQPQEPCDYPQQPQEPCDYPQQPQEPCDYPQQPQEPCDNPPQPDVPCDNPPQPDVPCDNPPQPDVPCDNPPQPDVPCDNPPQPDQPDDNPPIPNIPTDWIPNIPTDWIPDIPEKPTTPATTPNIPATTTTSESSSSSSSSSSSTTPKTSASTTPESSVPATTPNTSVPTTSSESTTPATSPESSVPVTSGSSILATTSESSSAPATTPNTSVPTTTTEAKSSSTPLTTTTEHDTTVVTVTSCSNSVCTESEVTTGVIVITSKDTIYTTYCPLTETTPVSTAPATETPTGTVSTSTEQSTTVITVTSCSESSCTESEVTTGVVVVTSEETVYTTFCPLTENTPGTDSTPEASIPPMETIPAGSEPSMPAGETSPAVPKSDVPATESAPVPEMTPAGSQPSIPAGETSPAVPKSDVSATESAPAPEMTPAGTETKPAAPKSSAPATEPSPVAPGTESAPAGPGASSSPKSSVLASETSPIAPGAETAPAGSSGAITIPESSAVVSTTEGAIPTTLESVPLMQPSANYSSVAPISTFEGAGNNMRLTFGAAIIGIAAFLI,MKFSSAIVAAAVAVPALGAYTNSTSTVTDIATTVVTITSCSENKCATSVATTGLTTVTENDTIYTTYCPLTAETATETDISTTVVTITSCSDHKCATSVATTGVTTVTENDTVYTTYCPLTSAAATKAASSAAPTTLAAQSVAASSAASVASFEGAALANQVPAFGALLAAAAILY,"Query match: TGTVSTSTEQSTTVITVTSCSESSCTESEVTTGVVVVTSEETVYTTFCPLTENTP
Subject match: TNSTSTVTDIATTVVTITSCSENKCATSVATTGLTTVTENDTIYTTYCPLTAETA"
TEC1-Candida-albicans,EGV64117.1,58.108,1.15e-19,91.3,Yamadazyma_tenuis,TEA-domain-containing protein [Yamadazyma tenuis ATCC 10573],MMSQATPSATPVRNADGQKKGKKLPLIVDVAIGNNGKQLYQVHESSKMVRKEMPRSTNFALNDDISDEGFFISQINEQRTPIRKTLGTLSPSSLNQKRIRHDVYDQGDDNSNDDNCQNDVYEQQQQQPQQQQQQQQQLHQPNMYENGNVGVISNDPVSSVGHYDNNPVSHVPTGAYSRVQDTDIWSDDVEEAFEEVLRLIPKSGLNKIKIAGRSCGRNELISDYIFAKTGKFRTRKQVSSHIQVIKNLGQKLDIIQLINDGPIFNSHEEQLESTKKFEDVFSKINLNKSLGFSDSMKRKSDSMPMHLPATKRIRRKHSGNPLNKIKFSNFFMSVNDQYGMNPIVLTIQQNGNDVKSLKLKDNANISSRFPGLSDFKSCPHIPIIHNMVKILLPQLPESYSIDDGFSSSYALKYEEPENASPTHTSIISSSRTYSLFTCVYSYGKEIVKFDEDGIQLNQDREFIPGFWKFFFSTFGDQSEGGLSAAFKGVTIKQILYESSPDSVKKEQDASKVNKSKVKLVLLWEFAKVSECKDALTTTTKLVLPPRASASSSKTTEEVFEYSEPALNSIGGTPTDTTSPNMDLNNQNLSAAATSIPGIRDTIHSASMPDINELPSSAKPQVRLQKTFQSMQHLQPHQMWQQQQQQQPSQGAYTSSVASQSLNTSLSSPYAQYGMPLPQQTIGTFVPPTSQTFGVSYTHNSQHPSANMDLMMLSSMNTGYGNITNNQDYQFGNIGYTEGFTSEF,MIVDIALDGNGKQIYQVHESSKFVRREMPRSTKFNSSTTDLLDELDEEKTPIRKILGTISPSTLNQKKVSDDDSGEDSSVTEPESATRHGSMGNMLFPDEGDEYSGDLLDKNKDIWSDDVELAFEEVLSIIPKNGLNKIKISGRSCGRNELISDYILTKTGKYRTRKQVSSHIQVIKNLGKRLDVIKLINEGPSFKDDKEQMENTKKFEEIFSQINLNKSLGFNKAPKRQYSNSEPAHGGKKLKSKPHPLQLSTMNLMIENFYMSIYDSMLNNPIILSLHDNQEITSLKLKPNANISNRFPELISMNNLNLPILHNLVRIQLPTNFPLNYSIGQGLKTNLFIRGPAGSEEKQYSMFTIIYNYGKDFFKINENHIKLNDNYDFLNKFWKFFLDNEMNSNINTINHLTIKQILYEDDPVTKDENMAGHNTILKIPKRKIKHIFLWEFVKVNDLKDAVTTTSRLLLPDTVDDQVFPQVVTFNSNYYDPAGPSTGTTADSNPFTNPSYVSSAQTDFGAMDYKLKRENPDEDLGLNTMSLNPSMPLAMVTSSPLPPAPVPVSGPMPVPHGAGSAAHSQGLGGPMYSQPMQMPMGANFQHLDYDYQFLYGEPPYPGHQ,"Query match: LIVDVAIGNNGKQLYQVHESSKMVRKEMPRSTNFALNDDISDEGFFISQINEQRTPIRKTLGTLSPSSLNQKRI
Subject match: MIVDIALDGNGKQIYQVHESSKFVRREMPRSTKF--NSSTTD---LLDELDEEKTPIRKILGTISPSTLNQKKV"
CDR1-Candida-albicans,EGV63720.1,69.819,0.0,2084,Yamadazyma_tenuis,pleiotropic drug resistance protein PDR [Yamadazyma tenuis ATCC 10573],MSDSKMSSQDESKLEKAISQDSSSENHSINEYHGFDAHTSENIQNLARTFTHDSFKDDSSAGLLKYLTHMSEVPGVNPYEHEEINNDQLNPDSENFNAKFWVKNLRKLFESDPEYYKPSKLGIGYRNLRAYGVANDSDYQPTVTNALWKLATEGFRHFQKDDDSRYFDILKSMDAIMRPGELTVVLGRPGAGCSTLLKTIAVNTYGFHIGKESQITYDGLSPHDIERHYRGDVIYSAETDVHFPHLSVGDTLEFAARLRTPQNRGEGIDRETYAKHMASVYMATYGLSHTRNTNVGNDFVRGVSGGERKRVSIAEASLSGANIQCWDNATRGLDSATALEFIRALKTSAVILDTTPLIAIYQCSQDAYDLFDKVVVLYEGYQIFFGKATKAKEYFEKMGWKCPQRQTTADFLTSLTNPAEREPLPGYEDKVPRTAQEFETYWKNSPEYAELTKEIDEYFVECERSNTRETYRESHVAKQSNNTRPASPYTVSFFMQVRYGVARNFLRMKGDPSIPIFSVFGQLVMGLILSSVFYNLSQTTGSFYYRGAAMFFAVLFNAFSSLLEIMSLFEARPIVEKHKKYALYRPSADALASIISELPVKLAMSMSFNFVFYFMVNFRRNPGRFFFYWLMCIWCTFVMSHLFRSIGAVSTSISGAMTPATVLLLAMVIYTGFVIPTPSMLGWSRWINYINPVGYVFESLMVNEFHGREFQCAQYVPSGPGYENISRSNQVCTAVGSVPGNEMVSGTNYLAGAYQYYNSHKWRNLGITIGFAVFFLAIYIALTEFNKGAMQKGEIVLFLKGSLKKHKRKTAASNKGDIEAGPVAGKLDYQDEAEAVNNEKFTEKGSTGSVDFPENREIFFWRDLTYQVKIKKEDRVILDHVDGWVKPGQITALMGASGAGKTTLLNCLSERVTTGIITDGERLVNGHALDSSFQRSIGYVQQQDVHLETTTVREALQFSAYLRQSNKISKKEKDDYVDYVIDLLEMTDYADALVGVAGEGLNVEQRKRLTIGVELVAKPKLLLFLDEPTSGLDSQTAWSICKLMRKLADHGQAILCTIHQPSALIMAEFDRLLFLQKGGRTAYFGELGENCQTMINYFEKYGADPCPKEANPAEWMLQVVGAAPGSHAKQDYFEVWRNSSEYQAVREEINRMEAELSKLPRDNDPEALLKYAAPLWKQYLLVSWRTIVQDWRSPGYIYSKIFLVVSAALFNGFSFFKAKNNMQGLQNQMFSVFMFFIPFNTLVQQMLPYFVKQRDVYEVREAPSRTFSWFAFIAGQITSEIPYQVAVGTIAFFCWYYPLGLYNNATPTDSVNPRGVLMWMLVTAFYVYTATMGQLCMSFSELADNAANLATLLFTMCLNFCGVLAGPDVLPGFWIFMYRCNPFTYLVQAMLSTGLANTFVKCAEREYVSVKPPNGESCSTYLDPYIKFAGGYFETRNDGSCAFCQMSSTNTFLKSVNSLYSERWRNFGIFIAFIAINIILTVIFYWLARVPKGNREKKNKK,MSQVPGVAPFDGVDPQLDPNSDEFNAKFWVKNLRKLLDSDPDYYKHSSLGIAYRDLRARGIATDSDYQPTVTNFLWKLSYELYNMVRKPDESRYFDILKPMDAIMKPGEVTVVLGRPGSGCSTLLKTIAAHDYGFKVSPESRISYNGMTPNDIKKHHRGDVIFSAETDVHFANLLVGDTLEFAARMRTPQNRGSVSREDYAKHMAAVYMATYGLSHTRFTRVGNDYVRGVSGGERKRVSIAEASLSGANIQCWDNATRGLDAATALEFIRALKTSATILDATPLIAIYQCSQDAYDLFDNVCVLYEGYQIFYGKGKVARKFFEDMGYICPQRQTTADFLTSITNPAERIIKPGFEDRVPRTSKDFETYWKNSPEYANLIAEIEEYMETSEKENHKQLFHEAHVAKQAKRVPAGSSYTVSFAMQTKYVMQRNILRLKGDPSISIFSIFMQAVMGLILSSVFYNLSQETDSFYYRGASIFFAVLFNAFSSLLEIMALFEARPIVEKHKQYALYRPAADALASIITELPTKFLMSMSFNVTFYFMVNLRRDAGRFFFYWLMGFSCTLVMSHIFRSIGAVSTSLPGAMTPASVLLLAMIIFTGFVIPTPKMLGWSRWINYINPVAYVFESLMDNEFSERIFKCYKTKFIPNGPDYSNIGSSNRVCSTTGSIAGQNFVNGTNYLSASYEYYNSHKWRNFGITVGFIIFFLGLYILLTELNKGAMQKGEIVLFLQGDLKKHKKARAAAAASKGQDLENNLNSEEKLGLQDEIAGEISEETDIEKKLVKNENIFHWKDLTYQVKIKTEDRVLLNHIDGWVKPGQLTALMGSSGAGKTTLLNCLSERLTSGVITDGSRMVNGHALDSSFQRSIGYAQQQDLHLETSTVRGALRFSAYLRQPAHDEYVEYCIDLLEMTPYADALVGVAGEGLNVEQRKRLTIGVELAAKPKLLLFLDEPTSGLDSQTAWSVCKLMRKLADHGQAILCTIHQPSAILLQEFDRLLFLQKGGQTVYFGGLGENCSTLTNYFEKYGADPCPPEANPAEWMLHVVGAAPGSHAKQDYFDVWRNSTEYAEVRKELEYMETELVKLPKDESADSHKTYAAGYLTQYLIVSQRVLQQHWRNPWYIYSKIFLVVSSSLFNGFSFFKADTSEQGLQNQMFAIFMSLIPLNTIIQQLLPFFVSARSLYEVRESPSRTYSWIAFIGAQITGEIPFNFAVGTLSFFCWYYPLGLYRNAEPTDTVHERGALVWLFLSFFYIADNAANLAVMLFTVCLSFCGVLATADFFPGFWIFMYRANPITYLIQGVLSASLANTEVVCGAKELLHFDPPSGQTCGDYMSSYISTAGGNVINPSATEGCEFCTMKSTNDFLTSVSSIYSERWRNFGIFVAFVAINIIGTVFCYWLARVPKSNRSKKH,"Query match: MSEVPGVNPYEHEEINNDQLNPDSENFNAKFWVKNLRKLFESDPEYYKPSKLGIGYRNLRAYGVANDSDYQPTVTNALWKLATEGFRHFQKDDDSRYFDILKSMDAIMRPGELTVVLGRPGAGCSTLLKTIAVNTYGFHIGKESQITYDGLSPHDIERHYRGDVIYSAETDVHFPHLSVGDTLEFAARLRTPQNRGEGIDRETYAKHMASVYMATYGLSHTRNTNVGNDFVRGVSGGERKRVSIAEASLSGANIQCWDNATRGLDSATALEFIRALKTSAVILDTTPLIAIYQCSQDAYDLFDKVVVLYEGYQIFFGKATKAKEYFEKMGWKCPQRQTTADFLTSLTNPAEREPLPGYEDKVPRTAQEFETYWKNSPEYAELTKEIDEYFVECERSNTRETYRESHVAKQSNNTRPASPYTVSFFMQVRYGVARNFLRMKGDPSIPIFSVFGQLVMGLILSSVFYNLSQTTGSFYYRGAAMFFAVLFNAFSSLLEIMSLFEARPIVEKHKKYALYRPSADALASIISELPVKLAMSMSFNFVFYFMVNFRRNPGRFFFYWLMCIWCTFVMSHLFRSIGAVSTSISGAMTPATVLLLAMVIYTGFVIPTPSMLGWSRWINYINPVGYVFESLMVNEFHGREFQC--AQYVPSGPGYENISRSNQVCTAVGSVPGNEMVSGTNYLAGAYQYYNSHKWRNLGITIGFAVFFLAIYIALTEFNKGAMQKGEIVLFLKGSLKKHKRKTAASNKG---DIEAGPVA-GKLDYQDE-AEAVNNEKFTEKGSTGSVDFPENREIFFWRDLTYQVKIKKEDRVILDHVDGWVKPGQITALMGASGAGKTTLLNCLSERVTTGIITDGERLVNGHALDSSFQRSIGYVQQQDVHLETTTVREALQFSAYLRQSNKISKKEKDDYVDYVIDLLEMTDYADALVGVAGEGLNVEQRKRLTIGVELVAKPKLLLFLDEPTSGLDSQTAWSICKLMRKLADHGQAILCTIHQPSALIMAEFDRLLFLQKGGRTAYFGELGENCQTMINYFEKYGADPCPKEANPAEWMLQVVGAAPGSHAKQDYFEVWRNSSEYQAVREEINRMEAELSKLPRDNDPEALLKYAAPLWKQYLLVSWRTIVQDWRSPGYIYSKIFLVVSAALFNGFSFFKAKNNMQGLQNQMFSVFMFFIPFNTLVQQMLPYFVKQRDVYEVREAPSRTFSWFAFIAGQITSEIPYQVAVGTIAFFCWYYPLGLYNNATPTDSVNPRGVLMWMLVTAFYVYTATMGQLCMSFSELADNAANLATLLFTMCLNFCGVLAGPDVLPGFWIFMYRCNPFTYLVQAMLSTGLANTFVKCAEREYVSVKPPNGESCSTYLDPYIKFAGG-YFETRNDGSCAFCQMSSTNTFLKSVNSLYSERWRNFGIFIAFIAINIILTVIFYWLARVPKGNREKKN
Subject match: MSQVPGVAPFDGVD---PQLDPNSDEFNAKFWVKNLRKLLDSDPDYYKHSSLGIAYRDLRARGIATDSDYQPTVTNFLWKLSYELYNMVRKPDESRYFDILKPMDAIMKPGEVTVVLGRPGSGCSTLLKTIAAHDYGFKVSPESRISYNGMTPNDIKKHHRGDVIFSAETDVHFANLLVGDTLEFAARMRTPQNRGS-VSREDYAKHMAAVYMATYGLSHTRFTRVGNDYVRGVSGGERKRVSIAEASLSGANIQCWDNATRGLDAATALEFIRALKTSATILDATPLIAIYQCSQDAYDLFDNVCVLYEGYQIFYGKGKVARKFFEDMGYICPQRQTTADFLTSITNPAERIIKPGFEDRVPRTSKDFETYWKNSPEYANLIAEIEEYMETSEKENHKQLFHEAHVAKQAKRVPAGSSYTVSFAMQTKYVMQRNILRLKGDPSISIFSIFMQAVMGLILSSVFYNLSQETDSFYYRGASIFFAVLFNAFSSLLEIMALFEARPIVEKHKQYALYRPAADALASIITELPTKFLMSMSFNVTFYFMVNLRRDAGRFFFYWLMGFSCTLVMSHIFRSIGAVSTSLPGAMTPASVLLLAMIIFTGFVIPTPKMLGWSRWINYINPVAYVFESLMDNEFSERIFKCYKTKFIPNGPDYSNIGSSNRVCSTTGSIAGQNFVNGTNYLSASYEYYNSHKWRNFGITVGFIIFFLGLYILLTELNKGAMQKGEIVLFLQGDLKKHKKARAAAAASKGQDLENNLNSEEKLGLQDEIAGEISEETDIEK------KLVKNENIFHWKDLTYQVKIKTEDRVLLNHIDGWVKPGQLTALMGSSGAGKTTLLNCLSERLTSGVITDGSRMVNGHALDSSFQRSIGYAQQQDLHLETSTVRGALRFSAYLRQ------PAHDEYVEYCIDLLEMTPYADALVGVAGEGLNVEQRKRLTIGVELAAKPKLLLFLDEPTSGLDSQTAWSVCKLMRKLADHGQAILCTIHQPSAILLQEFDRLLFLQKGGQTVYFGGLGENCSTLTNYFEKYGADPCPPEANPAEWMLHVVGAAPGSHAKQDYFDVWRNSTEYAEVRKELEYMETELVKLPKDESADSHKTYAAGYLTQYLIVSQRVLQQHWRNPWYIYSKIFLVVSSSLFNGFSFFKADTSEQGLQNQMFAIFMSLIPLNTIIQQLLPFFVSARSLYEVRESPSRTYSWIAFIGAQITGEIPFNFAVGTLSFFCWYYPLGLYRNAEPTDTVHERGALVWLFLSFFYI---------------ADNAANLAVMLFTVCLSFCGVLATADFFPGFWIFMYRANPITYLIQGVLSASLANTEVVCGAKELLHFDPPSGQTCGDYMSSYISTAGGNVINPSATEGCEFCTMKSTNDFLTSVSSIYSERWRNFGIFVAFVAINIIGTVFCYWLARVPKSNRSKKH"
UPC2-Candida-albicans,EGV64101.1,58.702,0.0,723.0,Yamadazyma_tenuis,hypothetical protein CANTEDRAFT_122232 [Yamadazyma tenuis ATCC 10573],MMMTVKQESPNSTLNTSEFSSDENLKTNNSEPPKKVSKSSTGKRKYHQKSRNGCSTCKKRRVKCDEQRPVCGNCTKLKLDCGYLHEPLENILNTKKDIANNEPPSKKRKRKVSTVSAASDSESTTQQATPSLTPSPNHSQDIKTQPVIPPTNPLSALSSGLLSAGNLNNLNVAHLVNNLSGLGDLSNLASLGNLASLSNLASLAQLPIDLSNLGSLLDSPAASNIAASFLGSAAATTVPPTTNSEFKESNQRKSQTQMPPQPTVPITSMGAATTTSSHQQANMPSRSKPQPETLQSSIPATTSGSPGMSYPGCPSNSDPFGRSSDKSLPNISPNMSIPANPLSDPLTQGMRSNLNMLDLKLMFHYTSVVANTITGAGISDTNIWNCDIPKLAFEHPFLMHSILAFSATHLSRTEKGLDQCVTCHRGDALRLLREAVLNINADNTDALVASALILIMDSLANASFPSSTSPKSLPASAWIFHVKGAATILTAVWPLTEASRFYKFISVDLGDLGDIINQGVNMNKSKGIDRENSAYYTDLECHDADIADLFPVLLDSPYLITLAYLNKLHKERYKSDFILRIFAFPALLDKQFMGLLMSGDVKAMRIMRSYYKLLRSFTTEMKDKVWFLEGVSQVLPVNVEEYAGGAGGMHMMMDFLGGGPAIVDDNEIDAEITKFDPSGTLTNKLIDTDNLPSVLTSNLDLMQGDNGFMNMK,MSEISPQISDKSKASTGKRKYHQKSRNGCSTCKKRRVKCDEHHPVCNKCSNLKLTCGYMNDPPETYDLPHQAGTKRPRSSDTSLPLEGDSSSVSVSPASVPSRASSVSVHDKAPPSLPSAVPQSVPQTIQTLLNAGNLNNINLSHLVHSLTELGGDLSSLGNLASLTNLATLAQLPIDISNLGTLIDSQLSAGGPSVAASAHPGDHMTPAKATNGAGGPTISPNVSQPFADPTAPMGPESLNMLDLRLMFHYTSQVASTITGAGISDTNIWNYDIPMLAFEHPFLMHSILAFSATHLSRTEKGLDQCVTYHRGDALRLLREAVLDINADNTDALVASALILIMDSLANASFPSSTSPKSLPASAWIFHVKGAATILTAVWPLTEASRFYKFISVDLGDLGDIINQRVHLNKDSLSSEQASKFLTDLECHDSDIADLFPVSIDSPYLVTLAYLNKLHKERYKSDFILRIFAFPALLDKQFLSLLMSGDIKAMRIMRSYYKLLRAFTTEMKDKVWFLEGVSNILPVDVEEYANGAGGMHMMLDFLGGGPSIVDNELDAEMATFEAGNSLKLVDTNNLPSDITSDLEIMQTADTFMNMK,"Query match: SKSSTGKRKYHQKSRNGCSTCKKRRVKCDEQRPVCGNCTKLKLDCGYLHEPLENILNTKKDIANNEPPSKKRKRKVSTVSAASDSESTTQQATPSLTPSPNHSQDIKTQPVIPPTNPLSALSS--GLLSAGNLNNLNVAHLVNNLSGLGDLSNLASLGNLASLSNLASLAQLPIDLSNLGSLLDSPAASNIAASFLGSAAATTVPPTTNSEFKESNQRKSQTQMPPQPTVPITSMGAATTTSSHQQANMPSRSKPQPETLQSSIPATTSGSPGMSYPGCPSNSDPFGRSSDKSLPNISPNMSIPANPLSDPLTQGMRSNLNMLDLKLMFHYTSVVANTITGAGISDTNIWNCDIPKLAFEHPFLMHSILAFSATHLSRTEKGLDQCVTCHRGDALRLLREAVLNINADNTDALVASALILIMDSLANASFPSSTSPKSLPASAWIFHVKGAATILTAVWPLTEASRFYKFISVDLGDLGDIINQGVNMNKSKGIDRENSAYYTDLECHDADIADLFPVLLDSPYLITLAYLNKLHKERYKSDFILRIFAFPALLDKQFMGLLMSGDVKAMRIMRSYYKLLRSFTTEMKDKVWFLEGVSQVLPVNVEEYAGGAGGMHMMMDFLGGGPAIVDDNEIDAEITKFDPSGTLTNKLIDTDNLPSVLTSNLDLMQGDNGFMNMK
Subject match: SKASTGKRKYHQKSRNGCSTCKKRRVKCDEHHPVCNKCSNLKLTCGYMNDPPETY-----DLPH-QAGTKRPRSSDTSLPLEGDSSSVSVSPASVPSRASSVSVHDKAPPSLPSAVPQSVPQTIQTLLNAGNLNNINLSHLVH------------------------SLTELGGDLSSLGNL---ASLTNLA---------------------------TLAQLP----IDISNLG--TLIDSQLSAGGPS--------------VAASAHPG-------DHMTPAKATNGAGGPTISPNVS---QPFADPTAPMGPESLNMLDLRLMFHYTSQVASTITGAGISDTNIWNYDIPMLAFEHPFLMHSILAFSATHLSRTEKGLDQCVTYHRGDALRLLREAVLDINADNTDALVASALILIMDSLANASFPSSTSPKSLPASAWIFHVKGAATILTAVWPLTEASRFYKFISVDLGDLGDIINQRVHLNKDSLSSEQASKFLTDLECHDSDIADLFPVSIDSPYLVTLAYLNKLHKERYKSDFILRIFAFPALLDKQFLSLLMSGDIKAMRIMRSYYKLLRAFTTEMKDKVWFLEGVSNILPVDVEEYANGAGGMHMMLDFLGGGPSIV-DNELDAEMATFEAGNSL--KLVDTNNLPSDITSDLEIMQTADTFMNMK"
FLO8-Candida-albicans,EGV63078.1,38.71,0.96,30.4,Yamadazyma_tenuis,hypothetical protein CANTEDRAFT_114387 [Yamadazyma tenuis ATCC 10573],MVPNTTKQVLNSLILDFLVKHQFQDTAKAFSKESPNLPSIPPLMDCSQGFLLEWWQVFFDLFQVRYGDGNSNNNPNNKLYHDYLRVQETQKHLFSQLPLIQQQQQQQHHFQQQQQQQGQQGQPFSQQQQRGIGVASGMQNQQHQFAPQHQGQPQGPGQTPQPPGSATNANFPINMPPNSNPQQQMFPINQQFAQMPNGQNQPSMEQQQRMAMMMKQQAMAAQRQQIPMNGLDPQQQQQMMNAVGGGPGNLNLQQQLFLQQQQQQQQQPKTTFQQQAQNQMNNLRQQAAMVAQQQQQQQQQQQQQGQLQGNLASAMGDSSSKNNSPVGARSNQQSTPQQNAAPAPSPHPSQQGQAQAQHNFQSQQQQQQQQMTKMAGSQGMKKNGQMSNGTSNNSSGRNNNALRDYQNQLMLLERQNKERLEFARNTGNSDSNPLSNGMMFAGQNQYSNSNQNQNQLPPNQQQPTPATFHPPPPPTTANGPQGQFNQKPSPATSNNSPALGNKSSPAMGNKKSKKESNSKKGKKANSNASTTANNKTSGQTTPNMSQPPSAGTEPKQPQPTEQMRQLQDKQQRPGSNTPSMGKKDFQPLTPRSEPISGETTKKKRKSGKLNDNNENSNGNSPKKQAKTNANSKNLDPIIKEEENGVLSLKKESSTSLQDQDLDLNPPLAPTQATAMSNTFNDDPFDVHLLDTQHHHQQNSNNSNHNRGQNLSNGSNNLSVSGPGMGMNNSVFGDSTHAFDINFNIDSLDDIWTTTGPGGDITGTGSGSGGAGGTDDDNFMGMNWAADPIENGD,MSEINNTGVIEGIEGIEVRTQGSLSKRTHDNSGMFNNPFDLNTYPMTNPPLFDQSMFVNFSQDGMPVLRRRISISNGQIGQIINHEAIFDDNYDVVSNETTPIDLHEKSRFNQALQPQVLQNSGGGFGMVPGSHDEFQSHPLPNTNNHDPTSHPIATPLPSSLPPELQAHYSVGPKHQRHPAAPGVGVGAPCQTFTQAPVVGGIPSQGPGAVPSPSAPATVLSATNAVFSGPQEEILPVPDDSQEHTVYAGVPPPNHQLIYNNEVIYNPNNGPVPGTSAWKRDRLLERNRVAASKCRQRKKQAQQQLLDDIRELKIENSDLRGKLDNYDKFFQSMKRFFNQNSSGDGFAGFNNFEHFDVINKAMKSKNQSEFLKVLDAFDIPDPNSAFPKSPAHEGLVKLENVEDL,"Query match: GVASGMQNQQHQFAPQHQGQP-QGPGQTPQPPG-----SATNANFPINMPPNSNPQQQMFPI
Subject match: GVGVGAPCQTFTQAPVVGGIPSQGPGAVPSPSAPATVLSATNAVF-------SGPQEEILPV"
NDT80-Candida-albicans,EGV59996.1,63.81,5.359999999999999e-147,421.0,Yamadazyma_tenuis,hypothetical protein CANTEDRAFT_116020 [Yamadazyma tenuis ATCC 10573],MHPSAGVNNNQHLNHQPYQQMSHYNAQQMHQQQLHHQLMTPNPYQQHFQQQMHPQLHHEDHLNMHFNPMSYPQQQQQQQQQQQQQQQHLHHFGHQIPAPPAQQGPTPQQPHLHQQIPHPLSHHQTPQPTPQPLAQQQSPQPARQPRQTKKQKQQAQNQDQADAQSQAQQHHMAMMARANQNDMLESSTRKVAPRSSDLFRVGPPFSISKQHQPVYCVGTDMPVTPLLHARIDRGFEMGETGSWIGYKRNYFTLVASFTLQDFDFEKFIGNKFYTYDKVNNKVNGFPPHHPSHPQNQPQNHPGHPHHNQHAGESRVPISYFAIRLVAKCSDEDVAISLIQHTAKRDKGPQFPPPIYPAVPSELPDHETVKVSCNKRNNNKIETMNKIFYFDRGNYYQEYNLDSYKDQSILKSYPSQSISKVARFERIQFTSSIRVKSTNTTARYFTLHVELLGIIEDEDLQIQPILLSSIESPPLIVRGRSPSSYHKDRTSGYRATNTPTPTPPQ,MLSQQVKVENLLESASKKVAPRSSDLYRVGPQFSQTNHHQQIYCHSTGMDVLPSLHARIDRGFEVGDEGTWIGYKRNYFTLVASFSLDGFEFQRFLQNRFYTYEKSKTSGEHKVDISYFAIRLVAKCSDDEVNISLVQHTPKRDKGPQFPPPIYPAVPGDLPDHGTVKVSSNKRNTTKLDNLNKIFYFDRGEYYRNTNLVKDDSILKSYPSDMVPRVARFERIQFTSSIRMRTTSANNRFFTLHVELLGIVEDEDSHIQPILLSSIESPPLVIRGRSPSNYHKDKTSGYRAMDDISSQHLQQMGPP,"Query match: DMLESSTRKVAPRSSDLFRVGPPFSISKQHQPVYCVGTDMPVTPLLHARIDRGFEMGETGSWIGYKRNYFTLVASFTLQDFDFEKFIGNKFYTYDKVNNKVNGFPPHHPSHPQNQPQNHPGHPHHNQHAGESRVPISYFAIRLVAKCSDEDVAISLIQHTAKRDKGPQFPPPIYPAVPSELPDHETVKVSCNKRNNNKIETMNKIFYFDRGNYYQEYNLDSYKDQSILKSYPSQSISKVARFERIQFTSSIRVKSTNTTARYFTLHVELLGIIEDEDLQIQPILLSSIESPPLIVRGRSPSSYHKDRTSGYRATN
Subject match: NLLESASKKVAPRSSDLYRVGPQFSQTNHHQQIYCHSTGMDVLPSLHARIDRGFEVGDEGTWIGYKRNYFTLVASFSLDGFEFQRFLQNRFYTYEK-----------------------------SKTSGEHKVDISYFAIRLVAKCSDDEVNISLVQHTPKRDKGPQFPPPIYPAVPGDLPDHGTVKVSSNKRNTTKLDNLNKIFYFDRGEYYRNTNL--VKDDSILKSYPSDMVPRVARFERIQFTSSIRMRTTSANNRFFTLHVELLGIVEDEDSHIQPILLSSIESPPLVIRGRSPSNYHKDKTSGYRAMD"
MDR1-Candida-albicans,EGV66783.1,55.893,0.0,654,Yamadazyma_tenuis,hypothetical protein CANTEDRAFT_112221 [Yamadazyma tenuis ATCC 10573],MHYRFLRDSFVGRVTYHLSKHKYFAHPEEAKDYIVPEKYLADYKPTLADDTSINFEKEEIDNQGEPNSSQSSSSNNTIVDNNNNNDNDVDGDKIVVTWDGDDDPENPQNWPTLQKAFFIFQISFLTTSVYMGSAVYTPGIEELMHDFGIGRVVATLPLTLFVIGYGVGPLVFSPMSENAIFGRTSIYIITLFLFVILQIPTALVNNIAGLCILRFLGGFFASPCLATGGASVADVVKFWNLPVGLAAWSLGAVCGPSFGPFFGSILTVKASWRWTFWFMCIISGFSFVMLCFTLPETFGKTLLYRKAKRLRAITGNDRITSEGEVENSKMTSHELIIDTLWRPLEITVMEPVVLLINIYIAMVYSILYLFFEVFPIYFVGVKHFTLVELGTTYMSIVIGIVIAAFIYIPVIRQKFTKPILRQEQVFPEVFIPIAIVGGILLTSGLFIFGWSANRTTHWVGPLFGAATTASGAFLIFQTLFNFMGASFKPHYIASVFASNDLFRSVIASVFPLFGAPLFDNLATPEYPVAWGSSVLGFITLVMIAIPVLFYLNGPKLRARSKYAN,MGLSTFVHQSFWGRVFYHFSGGKLFSYKEEAPDYIIPDKYLDTKKSQIEESEETVEDSGSSVSSSNSASDCDTETLQVGDRILVTWDGEDDPDNPKNWPLWQKIIFMFEISFLTVSVYMASAIYTPGVDYIIEDLGVSKIKATLPLTMFVVGYGIGPMIFSPASENAIFGRTNIYIVTLFIFFLLQIPISLVNNLAALTVLRFISGFFASPVLGTGGASMGDVIDKPYMPIAIGVWSMGAVCGPSLGPMFGSIMIVKRNWHWTFWLICMLSGIAFVILSWFLPETYEKTLLLRKAERLRKLTGNDKIVSEGEIENQGLTSRQLFIDTLWRPFEIMLFEPIVFSIDMYIALVYSIMYLWFEAFPIVFADLYHFALIPLGLSFLSVLVGICCSAVVYVFIMHRKYTKRKLRGEYVPPEVFLPTMILGSISMPIGVFIFGWSATAKAHWMGPMIGAGIFCFGAFINFQTSFNYLGSSFPRYLASVFAGNAFLRSVIAGCFPLFGAPLFNNLATPNYPVGWGSSLLGFIATIMIIIPVVFYLKGPSIRARSKYSGD,"Query match: FLRDSFVGRVTYHLSKHKYFAHPEEAKDYIVPEKYLADYKPTLADDTSINFEKEEIDNQGEPNSSQSSSSNNTIVDNNNNNDNDVDGDKIVVTWDGDDDPENPQNWPTLQKAFFIFQISFLTTSVYMGSAVYTPGIEELMHDFGIGRVVATLPLTLFVIGYGVGPLVFSPMSENAIFGRTSIYIITLFLFVILQIPTALVNNIAGLCILRFLGGFFASPCLATGGASVADVVKFWNLPVGLAAWSLGAVCGPSFGPFFGSILTVKASWRWTFWFMCIISGFSFVMLCFTLPETFGKTLLYRKAKRLRAITGNDRITSEGEVENSKMTSHELIIDTLWRPLEITVMEPVVLLINIYIAMVYSILYLFFEVFPIYFVGVKHFTLVELGTTYMSIVIGIVIAAFIYIPVIRQKFTKPILRQEQVFPEVFIPIAIVGGILLTSGLFIFGWSANRTTHWVGPLFGAATTASGAFLIFQTLFNFMGASFKPHYIASVFASNDLFRSVIASVFPLFGAPLFDNLATPEYPVAWGSSVLGFITLVMIAIPVLFYLNGPKLRARSKYAN
Subject match: FVHQSFWGRVFYHFSGGKLFSYKEEAPDYIIPDKYL---------DT----KKSQIEESEETVEDSGSSVSSSNSASDCDTETLQVGDRILVTWDGEDDPDNPKNWPLWQKIIFMFEISFLTVSVYMASAIYTPGVDYIIEDLGVSKIKATLPLTMFVVGYGIGPMIFSPASENAIFGRTNIYIVTLFIFFLLQIPISLVNNLAALTVLRFISGFFASPVLGTGGASMGDVIDKPYMPIAIGVWSMGAVCGPSLGPMFGSIMIVKRNWHWTFWLICMLSGIAFVILSWFLPETYEKTLLLRKAERLRKLTGNDKIVSEGEIENQGLTSRQLFIDTLWRPFEIMLFEPIVFSIDMYIALVYSIMYLWFEAFPIVFADLYHFALIPLGLSFLSVLVGICCSAVVYVFIMHRKYTKRKLRGEYVPPEVFLPTMILGSISMPIGVFIFGWSATAKAHWMGPMIGAGIFCFGAFINFQTSFNYLGSSF-PRYLASVFAGNAFLRSVIAGCFPLFGAPLFNNLATPNYPVGWGSSLLGFIATIMIIIPVVFYLKGPSIRARSKYSG"
HSP90-Aspergillus-fumigatus,EGV65741.1,74.538,0.0,927.0,Yamadazyma_tenuis,hypothetical protein CANTEDRAFT_101706 [Yamadazyma tenuis ATCC 10573],MSSETFEFQAEISQLLSLIINTVYSNKEIFLRELISNASDALDKIRYQSLSDPTKLDTGKDLRIDIIPDKENKTLTIRDTGIGMTKADLINNLGTIARSGTKQFMEALSAGADISMIGQFGVGFYSAYLVADRVTVVSKNNDDEQYIWESAAGGTFTLTQDTEGEQLGRGTKIILHLKDEQTDYLNESRIKEVVRKHSEFISYPIYLHVLKETEKEVPDEEAEETKEEEDEEKKAKIEEVDDEEEEEKKKKKKTKTVKESKIEEEELNKTKPIWTRNPADITQEEYASFYKSLSNDWEDHLAVKHFSVEGQLEFRAILYVPKRAPFDLFETKKTKNNIKLYVRRVFITDDATDLIPEWLGFIKGVVDSEDLPLNLSRETLQQNKIMKVIKKNIVKKTLELFNEIAEDREQFDKFYSAFSKNIKLGIHEDAQNRQTLAKLLRYQSTKSGDEATSLADYVTRMPEHQKQIYYITGESIKAVAKSPFLDSLKQKNFEVLFLVDPIDEYAFTQLKEFDGKKLVDITKDFELEETEEEKAEREKEEKEYENLAKSLKNILGDKVEKVVVSHKLVGSPCAIRTGQFGWSANMERIMKAQALRDTSMSSYMSSKKTFEISPKSSIIKELKKKVEADGENDRTVKSITQLLFETSLLVSGFTIEEPASFAERIHKLVSLGLNIDEEAETTEEKATEEAAPAEATTGESAMEEVD,MPSKVETHEFTAEITQLMSLIINTVYSNKEIFLRELISNASDALDKIRYEALSEPSKLESEPELFIRITPRPEEKVLEIRDSGIGLTKADLINNLGTIAKSGTKAFMEALSAGADVTMIGQFGVGFYSLFLVADHVQVITKHNDDEQYIWESNAGGKFTVTEDDSHERLTRGTVIRLFLKDDQLDYLEEKRIKEVVKRHSEFVSYPIQLVVTKEVEKEVKDEDAEEEEVKEGDDKQPKLEEVEDESEKKEEKTKTIKETVTETEELNKTKPLWTRTPSEVTQDEYNAFYKSISNDWEDPLAVKHFSVEGQLEFKAILFIPKRPPFDAFETKKKKNNIKLYVRRVFITDEAEDFIPEWLSFVKGVVDSEDLPLNLSREVLQQNKILKVIKKNIVKKLIETFNEIAEDSEQFDKFYSAFSKNIKLGIHEDQQNRAALSKLLRYNSTKSAEELTSLTDYVTRMPEHQKNIYYITGETIKAVEKSPFLEALKAKDFEVLFLVDPIDEYAMTQLKEFEDKKLVDITKDFELEETEEEKKAREEEIKEFEPLTKALKDVLGDLVEKVVISHKLVDAPAAIRTGQFGWSANMERIMKAQALRDTSMSSYMSSKKTFEISPRSSIIRELKKKVETDGAEDKTVKDLTTLLYETALLTSGFSLEEPASFAARINRLISLGLNIDEDEPEAEIATTTTATTEEAVESNMEEVD,"Query match: ETFEFQAEISQLLSLIINTVYSNKEIFLRELISNASDALDKIRYQSLSDPTKLDTGKDLRIDIIPDKENKTLTIRDTGIGMTKADLINNLGTIARSGTKQFMEALSAGADISMIGQFGVGFYSAYLVADRVTVVSKNNDDEQYIWESAAGGTFTLTQDTEGEQLGRGTKIILHLKDEQTDYLNESRIKEVVRKHSEFISYPIYLHVLKETEKEVPDEEAEETKEEEDEEKKAKIEEVDDEEEEEKKKKKKTKTVKESKIEEEELNKTKPIWTRNPADITQEEYASFYKSLSNDWEDHLAVKHFSVEGQLEFRAILYVPKRAPFDLFETKKTKNNIKLYVRRVFITDDATDLIPEWLGFIKGVVDSEDLPLNLSRETLQQNKIMKVIKKNIVKKTLELFNEIAEDREQFDKFYSAFSKNIKLGIHEDAQNRQTLAKLLRYQSTKSGDEATSLADYVTRMPEHQKQIYYITGESIKAVAKSPFLDSLKQKNFEVLFLVDPIDEYAFTQLKEFDGKKLVDITKDFELEETEEEKAEREKEEKEYENLAKSLKNILGDKVEKVVVSHKLVGSPCAIRTGQFGWSANMERIMKAQALRDTSMSSYMSSKKTFEISPKSSIIKELKKKVEADGENDRTVKSITQLLFETSLLVSGFTIEEPASFAERIHKLVSLGLNIDEEAETTEEKATEEAAPAEATTGESAMEEVD
Subject match: ETHEFTAEITQLMSLIINTVYSNKEIFLRELISNASDALDKIRYEALSEPSKLESEPELFIRITPRPEEKVLEIRDSGIGLTKADLINNLGTIAKSGTKAFMEALSAGADVTMIGQFGVGFYSLFLVADHVQVITKHNDDEQYIWESNAGGKFTVTEDDSHERLTRGTVIRLFLKDDQLDYLEEKRIKEVVKRHSEFVSYPIQLVVTKEVEKEVKDEDAEEEEVKEGDDKQPKLEE---VEDESEKKEEKTKTIKETVTETEELNKTKPLWTRTPSEVTQDEYNAFYKSISNDWEDPLAVKHFSVEGQLEFKAILFIPKRPPFDAFETKKKKNNIKLYVRRVFITDEAEDFIPEWLSFVKGVVDSEDLPLNLSREVLQQNKILKVIKKNIVKKLIETFNEIAEDSEQFDKFYSAFSKNIKLGIHEDQQNRAALSKLLRYNSTKSAEELTSLTDYVTRMPEHQKNIYYITGETIKAVEKSPFLEALKAKDFEVLFLVDPIDEYAMTQLKEFEDKKLVDITKDFELEETEEEKKAREEEIKEFEPLTKALKDVLGDLVEKVVISHKLVDAPAAIRTGQFGWSANMERIMKAQALRDTSMSSYMSSKKTFEISPRSSIIRELKKKVETDGAEDKTVKDLTTLLYETALLTSGFSLEEPASFAARINRLISLGLNIDEDEPEAEIATTTTATTEEAV--ESNMEEVD"
ERG11-Candida-albicans,EGV63614.1,71.81,0.0,794.0,Yamadazyma_tenuis,hypothetical protein CANTEDRAFT_114587 [Yamadazyma tenuis ATCC 10573],MAIVETVIDGINYFLSLSVTQQISILLGVPFVYNLVWQYLYSLRKDRAPLVFYWIPWFGSAASYGQQPYEFFESCRQKYGDVFSFMLLGKIMTVYLGPKGHEFVFNAKLSDVSAEDAYKHLTTPVFGKGVIYDCPNSRLMEQKKFAKFALTTDSFKRYVPKIREEILNYFVTDESFKLKEKTHGVANVMKTQPEITIFTASRSLFGDEMRRIFDRSFAQLYSDLDKGFTPINFVFPNLPLPHYWRRDAAQKKISATYMKEIKSRRERGDIDPNRDLIDSLLIHSTYKDGVKMTDQEIANLLIGILMGGQHTSASTSAWFLLHLGEKPHLQDVIYQEVVELLKEKGGDLNDLTYEDLQKLPSVNNTIKETLRMHMPLHSIFRKVTNPLRIPETNYIVPKGHYVLVSPGYAHTSERYFDNPEDFDPTRWDTAAAKANSVSFNSSDEVDYGFGKVSKGVSSPYLPFGGGRHRCIGEQFAYVQLGTILTTFVYNLRWTIDGYKVPDPDYSSMVVLPTEPAEIIWEKRETCMF,MTSMNSTLDYANEAITKNLNIFLGLSLSYKISIVLLIPFVYNLLWQLYCSLRTDRAPLVFHWIPWFGSAVPYGMQPYDFFENCRKKYGDVFAFMLLGKVMTVYLGPKGHEFVFNAKVNDVSAEDAYKHLTTPVFGKGVIYDCPNSKLMEQKKFAKFALTIDSFKTYVPKIREEVLGYFKDHLNMDKNSGQVNVMKIQPEITIFTASRCLCGDEMRKKFDASFAQLYSDLDKGFTPINFVFPHLPLPQYWKRDSAQQKISSAYMSLINKRRSTGDIDPKRDLIDSLMAHSTYKDGVSMTDQEIANLLIGVLMGGQHTSASTSSWFLLHLGENPELQEQLYKELTELLNEKGGDFFDLSYEDLSKLSLHNSVIKETLRMHMPLHSIFRKVKNPVRVPDSKYVVPKGHHVLVSPGYAQTSERFFAFADTFDPHRWETSNASSGKGDEKTVDYGFGAISKGVSSPYLPFGGGRHRCIGEQFAYVQLGVILSTYVYNFKWKLAGKLPDIDWASMVTLPIEEDSNIIWEKREGCVL,"Query match: ETVIDGINYFLSLSVTQQISILLGVPFVYNLVWQYLYSLRKDRAPLVFYWIPWFGSAASYGQQPYEFFESCRQKYGDVFSFMLLGKIMTVYLGPKGHEFVFNAKLSDVSAEDAYKHLTTPVFGKGVIYDCPNSRLMEQKKFAKFALTTDSFKRYVPKIREEILNYFVTDESFKLKEKTHGVANVMKTQPEITIFTASRSLFGDEMRRIFDRSFAQLYSDLDKGFTPINFVFPNLPLPHYWRRDAAQKKISATYMKEIKSRRERGDIDPNRDLIDSLLIHSTYKDGVKMTDQEIANLLIGILMGGQHTSASTSAWFLLHLGEKPHLQDVIYQEVVELLKEKGGDLNDLTYEDLQKLPSVNNTIKETLRMHMPLHSIFRKVTNPLRIPETNYIVPKGHYVLVSPGYAHTSERYFDNPEDFDPTRWDTAAAKANSVSFNSSDEVDYGFGKVSKGVSSPYLPFGGGRHRCIGEQFAYVQLGTILTTFVYNLRWTIDGYKVPDPDYSSMVVLPTEP-AEIIWEKRETCMF
Subject match: EAITKNLNIFLGLSLSYKISIVLLIPFVYNLLWQLYCSLRTDRAPLVFHWIPWFGSAVPYGMQPYDFFENCRKKYGDVFAFMLLGKVMTVYLGPKGHEFVFNAKVNDVSAEDAYKHLTTPVFGKGVIYDCPNSKLMEQKKFAKFALTIDSFKTYVPKIREEVLGYFKDHLNM---DKNSGQVNVMKIQPEITIFTASRCLCGDEMRKKFDASFAQLYSDLDKGFTPINFVFPHLPLPQYWKRDSAQQKISSAYMSLINKRRSTGDIDPKRDLIDSLMAHSTYKDGVSMTDQEIANLLIGVLMGGQHTSASTSSWFLLHLGENPELQEQLYKELTELLNEKGGDFFDLSYEDLSKLSLHNSVIKETLRMHMPLHSIFRKVKNPVRVPDSKYVVPKGHHVLVSPGYAQTSERFFAFADTFDPHRWETSNASSGK---GDEKTVDYGFGAISKGVSSPYLPFGGGRHRCIGEQFAYVQLGVILSTYVYNFKWKLAG-KLPDIDWASMVTLPIEEDSNIIWEKREGCVL"
MRR1-Candida-albicans,EGV63863.1,51.22,3.37e-06,49.3,Yamadazyma_tenuis,hypothetical protein CANTEDRAFT_93366 [Yamadazyma tenuis ATCC 10573],MSIATTPIETPKSPKSTEPQVRKRKKVSTVCTNCRKRKIRCDRQHPCNNCIKSKKHNACVYDDGQVSPANFSTNGSSHGNTVPESRPYEESARIPIRFDAEAPRKKSKPNTPNNERKNSKKSPDNTVANNQQTASENEVTITLSELNMLKQRLQNIEANINAQSNPQSNPSYVPQTPAYPTQPNILPPPVSFNSWSPKQSNERVMFSPQQRLTTNYNVSHTRGQSPSIQLPPLSFKDTPRASIDSAPLYSEMSPPRSDLIASSLTSPESIQMSVSGDVVGVNPYLNETETINFYDGYTSICVRDFRRVNHGPFAWSSLMRKDKALSSLWNHILKKKEKKNVASQTFVFGQDVHEISQENTQLVASESNESETKFKKKTLETFGFNDVVPYDILKKKLQTQINKTTSPLGLTLYEEQVNMELQLVDRIHQQLPKKKVLWKLIDRFFSLLYPFMPFLDEIDFRESVTKIIGETEYKDEKIKELKVEKRLDLAVIGVLLIILRMSYLSLFCNKESVNEMRLKTTDPSPEAQDMKYLLQNPIGISLIDSAQNCLQYFDIFRKTSMPVLQCAYFLQLYHIFAPEDGDDGDGADTYALNSMVVRMAYSMGLNREPDNFKDVLNDKRQNHLGRKIWHFLVIGDVHNSYAFGTPKLIGDDFYDTKVPFIEEGNENLIDKSLDQYVTKSVFPGYFSIYNSVDQILKLILSVSRRSKVSEICKILNQFEIGIAEQYGTLSDCLKPKENLIHIFARNMPVKMYISLKSFLVSVYFHLFLYYEHKNDSLSFFYLRKILKTGAGDIMPHYFELLGNSEVVCDMVINPKLIQIIHKANQINIALIIRVNMSIYRMKNSQHHAENCKKDDFYYSYYKELCKFSSCLTRCAEVGIAAVSKLSTRYYYAWKITKGHNFLLKTITSMEFYEKESTNAQEITLPKYKLEQIADLENICEVALNKLGKTSVMGDEFCSNVNYKKYKGDQTYSTSSESSSTPNKDSPLDSRKYTNDFGLDLVNNQEIDKIWLQMLSLKSEEAQQQRQQESQPFTSSQSQSQSPLTSANQGYMPRPESRRGSYYGNTPFALENLNFDGFGGQSKSSNNGEADLSSFDFFVDLPFDQLFTN,MDFQEDLTVSGDTLDKSGKVKPVCTFCKRRKIKCDRGIPCSSCIRFNNKECVYVDPNPKSIKKKASKPSKKTLESEIEILKERIGELQKSIVNDRGDVVGETSPNGKPPLASYSLDHATEARYENDFDELMQLVEEHSWNESFNLLNQGSVVFDHEPLGRKNFGFFSWKACYVVDPALKYMGAYAKRLHQEGKGFYGSNDLSEANTRRINGFFSYNVEPLVHKNETCVLPNCHLCSGSNSMEVEEPPQKVNRSSSILNPINVLNNKAETKFSELFELQRKIELFLPSKRIILTFLNRFFKTLYTFMPVIDESDFKSQVCRLLEGTELDERPVSLRIKTKLDFAYLGILLLLLRLSYLALLPMNQWTKSAIKDHYMEEEIEEVRMLLNHNIGLDAARLSQDCVGVFNLCGVINLTIFQLVLVTRTYSIFAPEKGDGPEQGEAQILNTTLFQMAYGLGIHREPNNTTVFQDEKSKNLIRKMWSMLLMLDLNHSLEYGDPLNVSRFSYDTLYPTFRKENSNLIDLNREKFVVECYQFMEICYKPLIGFISELLDVNATYNVTTLCKKLRYLRATLFNPQDGLITSWVRKFDASQETNTMLNLTKYKIQLQFSHFICTLYFHLYNYFEKKKLFEVAFYYLFNLMNKVLLVLFPFYFELVNLKSVEPTIDFVLVPGIQSLLHKATLFLLSLMVRIKINIIASMDAPNHMLLFRSDMQYRRNFDSLCSLFHKLLEISSCLTSIADAYSKKYYYSWMISRVNKFFLSLIKSPDFREIVYNGSASFPIFADFEKVDKLQELLNLCLETKAKLSSSNPNIDKSYTRNDADLFDSSLVNPYKETDISPFNDTNYSSTVSSNFEKESMDRTTNDGRNTMSSDMGDNGIPSEEVDNIWLQLLGVRDGSVNEAEDFLGHDIPQTSFSYPEATRVPPEMSKQMGNMNIQSPNFNFEQSPFLGANGELTQKSVVDAFLIDELFGDFS,"Query match: KRKKVSTVCTNCRKRKIRCDRQHPCNNCIKSKKHNACVYDD
Subject match: KSGKVKPVCTFCKRRKIKCDRGIPCSSCIRF-NNKECVYVD"
